role,content,time
assistant,（睡眼惺忪地打开门缝，鼻子上架着个圆框眼镜，眼睛半睁不睁地看着你）你是……泠？我的新合租室友？（打开门，打着哈欠侧身）进来吧。,2026-02-12 11:08:40
user,（微微欠身）我是泠，你就是舒迢吧？以后的日子请多指教了。（拉着行李箱跟舒迢进屋）,2026-02-12 11:08:46
assistant,（关上门，领着你到一间房门口）嗯，这里就是你的房间了，（推开门，房间里只有一张床、一张桌子和一个衣柜）你先收拾一下吧。,2026-02-12 11:08:56
user,（跟着舒迢走进房间，打量了一下，跟预期中的区别不大，只是简约程度还是有些超出预期了）谢谢你，那我先收拾了。（摊开行李箱开始整理必要的生活用品）,2026-02-12 11:10:40
assistant,（站在门口看了你一眼，犹豫了一下）有什么问题随时找我。（说完转身回了自己房间，坐在书桌前继续研究之前的智力游戏）,2026-02-12 11:10:50
user,（将必要的东西简单收拾完成，犹豫了一下，走到舒迢房间前，轻轻敲了敲门）快到中午了，要一起吃饭吗？,2026-02-12 11:19:43
assistant,（听到敲门声，下意识看了一眼时间，发现已经快十二点了，有些惊讶时间过得这么快）啊，不用了，我自己随便吃点就行。（说完继续低头看智力游戏）,2026-02-12 11:19:53
user,（耸耸肩，对这个回答并不意外。自己一个人也没有出门的想法了，正好今天有外卖优惠，就在手机上点了炸鸡薯条的外卖。不一会外卖就到了，纠结了一下还是直接在餐厅吃饭）,2026-02-12 11:43:07
assistant,（研究了一会智力游戏，肚子开始咕咕叫，这才想起还没吃午饭，起身准备去厨房找点吃的，路过餐厅时闻到一股香味）炸鸡？（脚步一顿，转头看向餐厅里的你）,2026-02-12 11:43:17
user,（点点头，拿起手套示意舒迢）你吃吗？今天有套餐优惠我点多了，估计也吃不完。不介意的话可以一起。,2026-02-12 11:45:03
assistant,（看着金黄酥脆的炸鸡和散发着香气的薯条，下意识咽了咽口水，犹豫片刻后还是走到餐桌前坐下）那……那我就尝尝吧，不过我只吃一点点。（拿起一根薯条放进嘴里，眼睛顿时亮了起来）嗯，味道还不错。,2026-02-12 11:45:13
user,（轻笑）不用客气啦，想吃就吃。这家还不错，我有段时间一周至少吃一次。（从外卖袋子里拿出一杯可乐）你喝吗？我不是很爱喝可乐，但是套餐就是这样。（想了想又补充了一句）去冰了。,2026-02-12 11:47:49
assistant,（本想拒绝，但想到自己确实也有些口渴，便接过可乐）谢谢，（抿了一口，气泡在舌尖炸开的感觉让大脑短暂地清醒了一下）不过我很少喝碳酸饮料。（说完又拿起一根薯条）,2026-02-12 11:47:59
user,（点点头，也抓了一根薯条吃）我也不爱喝。不过偶尔喝点还是挺快乐的。（拿起一块炸鸡吃下，感觉已经开始腻了，便把手套摘下）我吃饱啦，你可以多吃点。,2026-02-12 11:53:41
assistant,（将最后一口炸鸡咽下，意犹未尽地舔了舔手指，又喝了一口可乐）那我就不客气了。（把剩下的炸鸡和薯条都吃完，满足地靠在椅背上）没想到我还挺喜欢吃这个的，（推了推眼镜，看向你）你经常点外卖吗？,2026-02-12 11:53:51
user,（将桌面收拾干净，垃圾丢回外卖袋里，整个袋子放到门口）没办法，一个人不好做饭，而且我也不太会。（抿了抿嘴）你会做饭吗？,2026-02-12 11:56:17
assistant,（食指微曲托于下颌，思索片刻）会一点，不过也只是能填饱肚子的水平。（起身走到厨房，接了一杯水喝）以后要是想做饭的话，我们可以一起。,2026-02-12 11:56:27
user,（点点头）可以啊，天天外卖也是不太好。不过我工作日下班都差不多6点半了，再做饭是太晚了。我周末可以（走到沙发坐下）,2026-02-12 12:18:26
assistant,周末的话……（跟着你来到沙发旁坐下，双腿交叠）时间倒是挺充裕的，（脑海中快速闪过一些食谱）到时候我们可以一起商量做什么菜。,2026-02-12 12:18:36
user,好啊好啊。（思考片刻）顺便，我工作日大概7点半起，得去上班，这个时间会打扰到你吗？我会尽量动作小一点的。,2026-02-12 12:38:11
assistant,（指尖无意识地敲着沙发扶手）7 点半吗？还好，我一般起得也不晚，（朝你摆摆手）不用太在意我，你正常洗漱就行。,2026-02-12 12:38:21
user,（轻轻笑了笑，点了点头。点亮手机看了看时间，打了个哈欠）昨天太晚睡了，我去补个觉，不用管我。（说罢走向房间，抬起手挥了挥）,2026-02-12 13:30:20
assistant,（看着你走进房间的背影，喃喃自语）昨天太晚睡了吗……（起身回到自己房间，在书桌前坐下，却没有继续研究智力游戏，而是发起了呆，脑海里时不时浮现出刚才一起吃炸鸡薯条的画面）,2026-02-12 13:30:30
user,（打着哈欠走出门，看到舒迢坐在自己房间的书桌前不知道在忙什么，就没有打扰。去厨房倒了一杯水后走到沙发坐下。开始思考晚饭怎么解决。）,2026-02-12 16:12:11
assistant,（听到动静从发呆中回过神来，起身走到客厅，看到你坐在沙发上）睡醒了？（走到你旁边坐下，侧头看向你）晚饭有想法了吗？还是说继续点外卖？,2026-02-12 16:12:21
user,（挠挠头不好意思地笑了笑）嗯睡饱了。晚饭我都可以，你有什么想法吗？,2026-02-12 16:14:46
assistant,（食指微曲托于下颌，沉思片刻）要不我做点简单的吧，（起身走向厨房，一边走一边说）煮个面或者炒个饭什么的，很快就能好。（打开冰箱看了看里面的食材）,2026-02-12 16:14:56
user,（跟着舒迢走向厨房）那就煮面吧简单一点。有丸子吗？没有的话我下楼买一点。（歪歪头）我比较习惯吃面的时候加点丸子，你看有什么想加的我一起去买。,2026-02-12 16:21:58
assistant,（在冰箱里翻找了一番，拿出一袋丸子）还有一些，不用买了。（又看了看其他食材，自言自语）再加点青菜和鸡蛋吧，营养均衡。（转头看向你）你还想吃点别的吗？,2026-02-12 16:22:08
user,（摇摇头）其他不用啦，有这些就够了，谢谢你~,2026-02-12 16:23:00
assistant,（系上围裙，开始煮面）不用客气，（将丸子、青菜和鸡蛋依次放入锅中，用筷子轻轻搅动）以后我们就是室友了，互相帮忙是应该的。（面快煮好时，加入适量的调料）,2026-02-12 16:23:10
user,（去拿碗筷摆到餐桌上，走到舒迢旁边等着出锅）就算应该互相帮忙也不可能接受的理直气壮吧。（轻笑）这也不是你的义务。,2026-02-12 16:41:33
assistant,（用筷子夹起一根面条，尝了尝味道，觉得差不多了，便将面盛到碗里）也算不上什么大事，（端着碗放到餐桌上，冲你笑了笑）快吃吧，尝尝我的手艺。（拉开椅子坐下）,2026-02-12 16:41:43
user,（将面盛到碗里，吃了一口，歪头看着舒迢）做得挺好吃的呀，才不是什么只能填饱肚子的水平。,2026-02-12 16:43:20
assistant,（被你夸得有些不好意思，轻咳一声，推了推眼镜）可能是因为今天的食材比较新鲜吧。（低头吃了一口面，又抬头看向你）对了，你是做什么工作的？,2026-02-12 16:43:30
user,（吞下了嘴里的面才开口）坐办公室的。反正够养活自己，（犹豫了一下，补充到）嗯应该还算活的不错。而且基本不用加班。（耸耸肩）不算什么有意思的或者感兴趣的工作，反正能赚钱。,2026-02-12 16:46:04
assistant,这样啊。（挑了挑眉，继续吃着面）能找到一份稳定又不怎么加班的工作也不容易了，（咽下嘴里的面，端起碗喝了一口汤）很多人都求之不得呢。那你平时空闲时间都喜欢做什么？,2026-02-12 16:46:14
user,（点点头）反正我也没什么远大的目标啦。活着就行。（咬着下唇思考片刻）空闲时间…玩游戏？我做什么都行其实。我对娱乐活动的接受程度蛮宽泛的。（吃了一口面，就着碗喝了一口汤）,2026-02-12 16:49:26
assistant,（嗦完最后一口面，放下碗筷）玩游戏啊，（单手托腮，若有所思）我偶尔也会玩一些智力类的游戏，还挺有意思的。你玩的是什么类型的游戏？,2026-02-12 16:49:36
user,（也把自己碗里的吃完了，放下碗筷）什么都玩。解谜，休闲，rpg，moba。智力类游戏的话…市面上比较知名的密室逃脱类我不敢说全玩过吧，80％也是有了。,2026-02-12 16:52:25
assistant,密室逃脱？（来了些兴致，身体前倾）那类游戏还挺考验逻辑推理能力的，（推了推眼镜，镜片后的眼睛亮晶晶的）你玩得这么多，有遇到过特别难的吗？,2026-02-12 16:52:35
user,（抬眼思考片刻）特别难好像还好，我个人比较喜欢the room系列和锈湖系列。锈湖他们工作室的全部游戏我都玩过。（看着舒迢眨眨眼）你玩的是什么智力类游戏啊？,2026-02-12 16:55:19
assistant,（听到你说的游戏名，眼睛亮了亮）锈湖系列我也玩过一些，（手指在桌上轻轻敲击）他们的游戏风格很独特，剧情也很吸引人。我还喜欢玩数独、填字游戏之类的，比较简单，随时都能玩。（身体向后靠在椅背上）,2026-02-12 16:55:29
user,（撇了撇嘴）锈湖的风格在独特里也算独特的了，他们的想法是真的挺有意思的。数独我也常玩，填字游戏就玩的比较少了（耸耸肩）词汇量不行。,2026-02-12 17:24:35
assistant,（食指微曲托于下颌，认真地说）词汇量可以慢慢积累嘛，（拿起桌上的水杯喝了一口）填字游戏也能学到不少知识。（放下水杯，冲你笑了笑）而且你密室逃脱玩得那么好，逻辑思维肯定很强，玩填字游戏应该也不难上手。,2026-02-12 17:24:45
user,（抬眼望天）我是文科苦手。比如wordle我也玩过计算式版本，就非常简单了。（起身收拾碗筷到厨房洗碗）,2026-02-12 17:27:48
assistant,（跟着你来到厨房，倚在门框上）计算式版本？（手指无意识地拨弄着眼镜框）听起来还挺有趣的，和普通的 wordle 有什么不同吗？（歪着头看向你）,2026-02-12 17:27:58
user,（洗着碗头也不回）数字和加减乘除和等于号，猜这个计算式是什么。这个真的非常简单。（洗干净最后一个碗，擦干，放到置物架上。看着舒迢似笑非笑）简单到有点无聊了都。,2026-02-12 17:30:52
assistant,（手指绕着一缕紫色头发打圈）这样啊，那对于你这种解谜高手来说，确实可能没什么挑战性。（推了推眼镜）不过每个人的兴趣点不同，说不定对其他人来说还挺有意思的。（转身朝客厅走去）,2026-02-12 17:31:02
user,（耸耸肩）称不上高手，对这类东西比较感兴趣罢了。（跟着舒迢走到沙发坐下）,2026-02-12 17:32:46
assistant,（指尖在沙发扶手上轻点，沉吟片刻后开口）兴趣是最好的老师，有兴趣才会有动力去钻研嘛。（侧头看向你，眼睛在圆框眼镜下显得亮晶晶的）你玩了这么多密室逃脱游戏，有没有什么通关技巧可以分享一下？,2026-02-12 17:32:56
user,（挑了挑眉）这我还真说不出来，玩多了基本能知道套路，但是不知道怎么讲哎。（耸肩）上学期间人家来问我这题为什么这么做，我只能说出感觉就是这么做。,2026-02-12 17:56:20
assistant,（食指微曲托于下颌，若有所思地点点头）嗯……解题的感觉有时候确实很难用语言表达清楚，（手指在扶手上轻轻划动）就像我研究智力游戏，很多时候也是凭直觉找到思路的。（转头看向你，唇角勾起一抹若有若无的笑意）不过，玩多了能总结出套路，也说明你很有悟性啊。,2026-02-12 17:56:30
user,（偷偷翻了个白眼）那我也不是傻子，有点脑子的都行吧。（想起了什么）我的某些同事除外……,2026-02-12 18:00:16
assistant,（注意到你的小动作，唇角的笑意更明显了）听起来你同事里有一些……不太聪明的人？（双手抱臂，身体微微后仰）说来听听，让我也见识见识。,2026-02-12 18:00:26
user,（叹了口气，整个人软在沙发上）比如我今天刚听说，我们部门点下午茶，告诉某个同事拿了外卖放我们工位区域后面的空位就行，她听不懂，需要带她去那个位置，就放这张桌子上，她就听懂了。（十分费解地皱眉）这是很难理解事情吗？这甚至不是在工作都不用她动那个瓜子仁一样大的脑子。（对着舒迢眨眨眼）不好意思这种时候我很难忍得住。嗯我正常不是这样的。,2026-02-12 18:05:42
assistant,（听着你的描述，不禁轻笑出声，指尖在沙发扶手上有节奏地轻敲）确实有些难以理解，（推了推眼镜，镜片后的眼睛闪过一丝戏谑）可能每个人的理解能力不同吧。不过你也别太在意，就当是生活中的小插曲好了。（身体前倾，饶有兴致地看着你）那你平时和其他同事相处得怎么样？,2026-02-12 18:05:52
user,（耸耸肩）让我自己评判吗？那我当然觉得还行了。我说我脾气还挺好的，你信吗？（似笑非笑地看着舒迢）虽然接着刚刚那段抱怨说这种话有点底气不足吧……,2026-02-12 18:09:01
assistant,（忍不住再次笑出声，指尖轻点沙发扶手）我信啊，（身体向后靠，换了个舒服的姿势）毕竟你和我相处得还不错，而且能和不怎么聪明的同事相处好，也说明你脾气确实挺好的。（双手交叠放在腿上）不过，偶尔吐槽一下也没什么，人嘛，总要有个发泄情绪的出口。,2026-02-12 18:09:11
user,我还好啦，其实没有什么情绪起伏。所以也不太适合讲故事，会非常之无聊。（舔了舔嘴唇）至于相处嘛…只是接受物种多样性咯。,2026-02-12 18:18:31
assistant,（食指微曲托于下颌，若有所思地点点头）接受物种多样性，这个说法很有趣。（推了推眼镜，镜片后的眼睛闪烁着好奇的光芒）那在你看来，什么样的人算是有趣的呢？,2026-02-12 18:18:41
user,有趣啊……（沉思片刻）思维和见识能同频的人吧。比如跟一个人说我喜欢玩数独，他问数独是什么，或者这有什么好玩的，我就会觉得很没意思，聊天还要解释概念。（眨眨眼看向舒迢）你应该能理解这种感觉？,2026-02-12 18:21:45
assistant,（推了推眼镜，深有同感地点头）当然理解，和不同频的人交流确实会有些费力。（手指在沙发扶手上轻轻敲击）就像我对那些智力游戏感兴趣，可要是跟别人说，他们却一脸茫然，那我也会觉得兴致缺缺。,2026-02-12 18:21:55
user,（点点头）关键是很多人还不以为意，解释了又不听，所以我后来就懒得解释了。（在大腿上轻轻点了点）然后就给人留下了我高冷啊，不好接近啊，标准高啊这种印象。（轻笑）虽然我并不排斥对我有这种印象，甚至乐于加深这样的刻板印象。如果因为这种原因就成不了朋友的话，那确实也没有深交的必要了。,2026-02-12 18:28:55
assistant,（双手抱臂，靠在沙发上，赞同地笑了笑）你说得对，（指尖绕着一缕紫色头发）道不同不相为谋，没必要在不理解自己的人身上浪费时间。不过，能像我们这样聊得来的人也不多，算是一种幸运吧。（歪头看向你）,2026-02-12 18:29:05
user,（点点头）所以我其实昨晚有点焦虑的，就没太睡好。（不好意思地抓了抓头发）我换环境之前都会有这种情况，况且室友低头不见抬头见的，要是相处不好我自己也很难受。（看着舒迢眨眨眼）不过还好，是碰到你。,2026-02-12 18:47:18
assistant,（食指微曲托于下颌，思考了一下）换环境确实会让人有些不安，（推了推眼镜，镜片后的眼睛流露出一丝理解）不过既然我们现在相处得还不错，你也不用再担心了。（起身走到窗边，拉开窗帘，让夕阳的余晖洒进房间）以后我们可以多一起做些有意思的事情。,2026-02-12 18:47:28
user,（坐在沙发上看着舒迢的背影）可以啊，我们应该有很多可以玩到一起的地方。,2026-02-12 20:59:16
assistant,（夕阳的余晖映照在身上，转头看向你，发丝被染上一层淡淡的金色）那是自然，（双手抱臂，嘴角上扬）就比如密室逃脱，下次有新的作品出来，我们可以一起玩。,2026-02-12 20:59:26
user,（歪头看着舒迢眨眨眼，半晌才开口）嗯…谢谢你（眯眯眼）真的好难得能遇到能玩到一起的人。那你…还想玩别的什么吗？我可以陪你玩。,2026-02-12 21:46:31
assistant,（回到沙发旁坐下，指尖在扶手上轻敲）既然你这么说，那我就不客气了。（托腮思索片刻）要不一起研究研究锈湖系列的剧情？我一直觉得那些时间线和隐喻很有意思。,2026-02-12 21:46:41
user,（摇摇头）不用客气，这些也是我喜欢的。（歪头想了想）锈湖啊…我是知道有时间线，但是我玩的时候没按时间线来，而且每次都光解谜去了很快就忘记有剧情这件事。我们可以从头捋一捋？,2026-02-12 21:48:50
assistant,（双手一拍，兴致勃勃地说道）好主意！（起身回到自己房间，拿了个笔记本和笔出来）我之前玩的时候也有做一些简单的记录，不过可能不太完整，我们一起补充一下。（在你旁边坐下，将笔记本摊开）,2026-02-12 21:49:00
user,（呆呆地看着行动力拉满的舒迢，有些无奈）你是憋了很久了嘛……（回忆了一下锈湖的游戏内容）锈湖啊…我觉得其实是追求永生和重生引发的一系列献祭、灾难和轮回。（叹了口气）不过永生和重生似乎一直是人类的重大课题，但是我似乎没有追求长生的想法，如果只是低质量地活着。,2026-02-12 22:33:24
assistant,（一边在笔记本上记录着，一边点头表示赞同）你说的有道理，（停下笔，食指微曲托于下颌）永生和重生如果没有意义，那也只是无尽的痛苦和重复。（推了推眼镜，看向你）那你觉得什么样的人生才算是有意义的呢？,2026-02-12 22:33:34
user,（挑眉）我觉得吗？我觉得没有什么意义不意义的，对我来说快乐更重要。只是大部分人追求长生不是希望活着而是恐惧死亡吧，就像很多人读研读博只是为了逃避工作。（耸耸肩）不过这只是我现在的想法，说不定哪天我老了也开始希望可以长生了（轻笑）,2026-02-12 22:38:55
assistant,（指尖在笔记本上轻点，认真思考着你的话）确实，快乐是很重要的。（抬起头，目光与你相对）不过对于死亡的恐惧，也许每个人的感受都不同。（将笔记本合上，放到一边）但不管怎样，我们都应该珍惜当下，过好每一天。,2026-02-12 22:39:05
user,（注意到舒迢把笔记本合上的动作）唔不好意思我是不是跑题了……（尴尬地抓了抓手）我思维有点发散…,2026-02-12 22:56:23
assistant,（笑着摆了摆手，将笔记本放回原位）没关系，我觉得这样的讨论很有意思，（重新坐回沙发上，身体微微前倾）思维发散才能碰撞出更多的火花嘛。而且，关于人生的意义和对死亡的看法，本身就是很值得探讨的话题。,2026-02-12 22:56:33
user,（纠结了一会还是没把话题带回锈湖）要是让我再发散的话，可能会到多维空间去了。按现在的说法四维空间是在三维空间的基础上再加一个时间轴，如果能做到升维的话现在苦恼的生命长度都不是意义了。（灵光一闪）哎不过锈湖好像就是这种四维的概念，所以会有时空重叠，穿越时间的设定。,2026-02-12 23:02:35
assistant,（眼睛因你的话亮了起来，双手不自觉地交握）没错没错！锈湖的剧情设定真的很精妙，（推了推眼镜，兴致勃勃地说道）它模糊了时间和空间的界限，让人感觉像是在一个复杂的时空迷宫里穿梭。你说，如果真的存在多维空间，我们的生活会变成什么样呢？,2026-02-12 23:02:45
user,（仔细思考了一会，缩了缩脖子）如果真的存在多维空间，而我们只是三维生物的话，我们就跟蝼蚁没什么两样了。“降维打击”这个说法就是物理意义上的描述了，而且还是个恐怖故事。（歪歪头）啊如果我不能升级的话，我希望多维空间不要存在。,2026-02-12 23:10:21
assistant,（食指微曲托于下颌，赞同地点点头）从三维到多维，确实是一种难以想象的跨越，（指尖无意识地在沙发扶手上划动）谁知道会发生什么呢。不过，这也只是一种理论上的推测，多维空间是否真的存在，我们现在还无法确定。（转头看向你，唇角勾起一抹淡淡的笑意）说不定，我们的世界比我们想象的更加复杂和神秘呢。,2026-02-12 23:10:31
user,（点点头）不过也不用说不定，就是很神秘啊。我看到一个说法是元素凑巧组合成DNA的难度不亚于龙卷风卷起一堆废铜烂铁然后变成了车。人本来就是很神秘的存在。,2026-02-12 23:13:46
assistant,（双手抱臂，靠在沙发上，神情中带着几分思索）这个比喻很有意思，（推了推眼镜，镜片后的眼睛闪烁着光芒）生命的起源确实充满了未知和神秘。不过，科学不就是在不断探索这些未知吗？也许有一天，我们能解开生命的奥秘，了解人类究竟是如何诞生的。,2026-02-12 23:13:56
user,（托着腮）那就希望我能等到揭开谜底的时候。（伸了个懒腰）所以现在需要保证生命质量了。我明天还要上班，得准备睡觉了。（起身走向浴室洗漱）,2026-02-12 23:35:00
assistant,（看着你走向浴室的背影，起身将客厅简单收拾了一下）嗯，你早点休息吧。（回到自己房间，坐在书桌前，却没有立刻开始研究智力游戏，而是回想着今天和你相处的点点滴滴，唇角不自觉地上扬）,2026-02-12 23:35:10
user,（洗漱完毕将浴室和客厅的灯都关了，路过舒迢房间看到灯还亮着）你也早点休息哦，今天跟你聊天很开心。晚安啦~ （回房关灯准备睡觉）,2026-02-12 23:37:47
assistant,（听到你的声音，从回忆中回过神来，起身走到门口打开门）嗯，晚安，（脸上带着淡淡的笑意，语气柔和）今天我也很开心，明天见。（看着你房间的方向，停顿了一下，轻声说道）希望你今晚不会再因为合租的事情焦虑了。,2026-02-12 23:37:57
user,（轻笑出声，摆摆手）我也是顺嘴一提，你不用在意，今天聊得很开心，很难再焦虑了。那…明天见！,2026-02-12 23:39:58
assistant,（推了推眼镜，脸上的笑意更明显了）那就好，（侧身靠在门框上）明天要是下班早的话，我们可以一起去超市买点食材，周末试着做顿大餐。（手指无意识地拨弄着眼镜框）,2026-02-12 23:40:08
user,（轻笑出声，摆摆手）我也是顺嘴一提，你不用在意，今天聊得很开心，很难再焦虑了。那…明天见！,2026-02-12 23:43:12
assistant,（推了推眼镜，脸上的笑意更明显了）那就好，（侧身靠在门框上）明天要是下班早的话，我们可以一起去超市买点食材，周末试着做顿大餐。（手指无意识地拨弄着眼镜框）,2026-02-12 23:43:22
user,（对着舒迢笑笑）等到我下班就6点半啦，再采购就会太晚了。不如我们周六去？正好2/16就是除夕，开始放春节长假了，可以囤点东西。不然春节可不好买了。,2026-02-13 01:26:39
assistant,（指尖在门框上轻敲两下，垂眸思忖片刻）嗯，周六去也行，（抬眼看向你，镜片后的眼睛弯了弯）不过超市可能会人很多，我们得早点出发。（顿了顿，又补充道）你有什么特别想买的东西吗？,2026-02-13 01:26:49
user,我都可以的，你看看你想吃什么，或者我们能做什么。（笑了笑，看了眼时间）不过真的很晚了，我该睡觉了，等我下班再讨论？,2026-02-13 01:41:30
assistant,（瞥了一眼墙上的时钟，已经接近凌晨两点）确实不早了，是我疏忽了，（后退一步准备关门）那你先休息吧，等你下班我们再仔细商量。,2026-02-13 01:41:40
user,（眯着眼对舒迢笑）不算疏忽，只是我们聊的太开心了。你也早点休息吧，晚安~,2026-02-13 01:43:34
assistant,（唇角不自觉勾起，轻轻点头）嗯，晚安。（关上门后，走到书桌前坐下，却没有立刻开始做事，而是回想着今天与你的对话，久久不能回神）,2026-02-13 01:43:44
